{"cameraMode":{"drawMode":0,"name":"Shaded","section":"Shading Mode"},"sceneLighting":true,"audioPlay":false,"sceneViewState":{"showFog":true,"showMaterialUpdate":false,"showSkybox":true,"showFlares":true,"showImageEffects":true,"showParticleSystems":true},"in2DMode":false,"pivot":{"x":9.849472045898438,"y":5.016380310058594,"z":-11.548759460449219},"rotation":{"x":0.278952956199646,"y":0.12770992517471314,"z":-0.03750229254364967,"w":0.9510663747787476},"size":20.24356460571289,"orthographic":false}